<!DOCTYPE hibernate-configuration PUBLIC  
    "-//Hibernate/Hibernate Configuration DTD 3.0//EN"  
    "http://hibernate.sourceforge.net/hibernate-configuration-3.0.dtd">  

<hibernate-configuration>
    <session-factory>
        <property name="hibernate.connection.driver_class">com.mysql.cj.jdbc.Driver</property>
        <property name="hibernate.connection.url">jdbc:mysql://localhost:3306/studentdb</property>
        <property name="hibernate.connection.username">suji</property>
        <property name="hibernate.connection.password">yourpassword</property>
        <property name="hibernate.dialect">org.hibernate.dialect.MySQL8Dialect</property>
        <property name="hibernate.show_sql">true</property>
        <property name="hibernate.hbm2ddl.auto">update</property>

        <!-- Add your entity mapping -->
        <mapping class="com.example.prog6.demopgm5.studentdbmodel.Student"/>
    </session-factory>
</hibernate-configuration>
